0.111,0.272,0.064,0.084,0.069,0.044,0.06,0.782,0.052,0.608,0.068,0.266,0.086,0.082,0.104,0.025,0.108,0.221,0.093,0.644,0.081
0.079,0.584,0.067,0.053,0.086,0.073,0.058,1.178,0.062,0.478,0.083,0.156,0.057,0.065,0.088,0.033,0.102,0.26,0.09,0.232,0.062
0.058,0.399,0.052,0.042,0.082,0.24,0.062,0.862,0.054,0.405,0.1,0.261,0.063,0.075,0.119,0.013,0.086,0.245,0.09,0.249,0.066
0.084,0.246,0.052,0.051,0.078,0.122,0.08,0.92,0.056,0.515,0.07,0.314,0.077,0.094,0.119,0.059,0.119,0.241,0.081,0.237,0.082
0.089,0.249,0.066,0.098,0.078,0.083,0.061,0.735,0.047,0.43,0.071,0.228,0.049,0.081,0.094,0.044,0.088,0.24,0.11,0.535,0.08
0.096,0.153,0.069,0.099,0.05,0.082,0.048,0.346,0.052,0.354,0.08,0.217,0.052,0.067,0.094,0.072,0.079,0.21,0.053,0.271,0.067
0.062,0.4,0.059,0.638,0.09,0.082,0.067,0.841,0.049,0.453,0.073,0.323,0.076,0.092,0.091,0.036,0.075,0.237,0.068,0.252,0.064
0.125,0.108,0.068,0.085,0.047,0.043,0.057,0.845,0.058,1.196,0.067,0.287,0.083,0.073,0.096,0.032,0.068,0.152,0.064,0.192,0.064
0.08,0.188,0.064,0.076,0.08,0.674,0.057,0.946,0.054,0.392,0.073,0.272,0.068,0.074,0.078,0.052,0.073,0.233,0.075,0.217,0.062
0.062,0.245,0.061,0.095,0.084,0.409,0.071,0.947,0.05,0.665,0.053,0.403,0.082,0.1,0.083,0.036,0.063,0.104,0.072,0.188,0.061
0.07,0.273,0.028,0.077,0.061,0.203,0.053,0.955,0.051,0.389,0.066,0.28,0.052,0.082,0.087,0.134,0.075,0.283,0.084,0.214,0.061
0.071,0.191,0.058,0.088,0.062,0.058,0.052,0.655,0.053,1.524,0.061,0.264,0.062,0.06,0.079,0.055,0.07,0.114,0.083,0.221,0.073
0.114,0.159,0.063,0.068,0.075,0.043,0.063,0.71,0.037,0.377,0.062,0.278,0.04,0.1,0.068,0.069,0.062,0.119,0.064,0.256,0.063
0.101,0.137,0.056,0.076,0.072,0.043,0.06,0.642,0.057,0.684,0.062,0.22,0.046,0.085,0.069,0.113,0.062,0.185,0.076,0.274,0.074
0.101,0.329,0.081,1.129,0.069,0.06,0.05,0.302,0.051,0.382,0.064,0.702,0.061,0.167,0.079,0.065,0.059,0.158,0.056,0.196,0.055
0.063,0.255,0.051,0.054,0.063,0.069,0.049,0.656,0.043,0.409,0.067,0.368,0.051,0.095,0.071,0.077,0.057,0.132,0.057,0.275,0.064
0.067,0.193,0.07,0.094,0.051,0.068,0.045,0.324,0.054,0.364,0.079,0.347,0.097,0.153,0.102,0.019,0.088,0.211,0.099,0.221,0.074
0.112,0.164,0.06,0.078,0.081,0.07,0.06,0.478,0.067,0.455,0.079,0.342,0.082,0.077,0.084,0.052,0.064,0.103,0.064,0.18,0.064
0.112,0.152,0.062,0.072,0.078,0.049,0.064,0.239,0.056,0.381,0.08,0.254,0.044,0.085,0.08,0.054,0.057,0.098,0.081,0.194,0.062
0.09,0.181,0.064,0.071,0.059,0.095,0.071,0.374,0.059,0.384,0.068,0.302,0.105,0.122,0.094,0.061,0.069,0.174,0.074,0.224,0.09
0.066,0.206,0.057,0.107,0.059,0.458,0.054,0.309,0.047,0.337,0.069,0.246,0.04,0.086,0.058,0.089,0.056,0.134,0.054,0.232,0.059
0.08,0.193,0.058,0.095,0.053,0.104,0.056,0.641,0.056,0.347,0.067,0.57,0.062,0.176,0.06,0.073,0.066,0.15,0.068,0.485,0.104
0.104,0.165,0.058,0.078,0.081,0.524,0.072,0.341,0.054,0.327,0.06,0.166,0.048,0.064,0.076,0.057,0.063,0.109,0.068,0.236,0.064
0.093,0.214,0.069,0.165,0.085,0.44,0.056,0.539,0.053,0.485,0.074,0.4,0.059,0.135,0.09,0.077,0.063,0.119,0.071,0.321,0.084
0.074,0.319,0.05,0.091,0.068,0.105,0.066,1.15,0.058,0.31,0.067,0.245,0.066,0.123,0.073,0.104,0.063,0.199,0.068,0.42,0.074
0.084,0.233,0.062,0.172,0.09,0.257,0.068,0.857,0.062,0.369,0.063,0.324,0.058,0.148,0.057,0.115,0.063,0.141,0.072,0.255,0.069
0.105,0.146,0.055,0.097,0.085,0.077,0.061,1.597,0.072,0.858,0.068,1.836,0.059,0.227,0.069,0.115,0.064,0.317,0.06,0.259,0.061
0.066,0.155,0.058,0.07,0.073,0.071,0.054,0.229,0.053,0.338,0.072,0.22,0.042,0.088,0.071,0.073,0.066,0.122,0.05,0.241,0.061
0.078,1.209,0.072,0.229,0.085,0.359,0.07,1.185,0.069,0.365,0.06,0.209,0.055,0.097,0.065,0.059,0.072,0.128,0.064,0.232,0.06
0.059,0.228,0.05,0.095,0.064,0.077,0.051,0.28,0.05,0.369,0.068,0.183,0.053,0.078,0.079,0.045,0.061,0.123,0.049,0.222,0.065
0.059,0.21,0.057,0.065,0.059,0.063,0.053,0.306,0.051,0.496,0.062,0.261,0.064,0.102,0.078,0.048,0.062,0.105,0.085,0.27,0.076
0.095,0.145,0.069,0.057,0.083,0.034,0.063,0.224,0.061,0.483,0.067,0.274,0.07,0.089,0.096,0.119,0.056,0.136,0.054,0.232,0.065
0.074,0.207,0.05,0.243,0.099,0.453,0.054,0.756,0.054,0.364,0.057,0.193,0.046,0.095,0.073,0.049,0.091,0.14,0.076,0.263,0.061
0.087,0.226,0.066,0.141,0.042,0.116,0.06,0.328,0.059,0.36,0.079,0.181,0.048,0.083,0.078,0.061,0.074,0.122,0.08,0.198,0.056
0.082,0.23,0.059,0.248,0.078,0.271,0.056,1.037,0.046,0.986,0.061,0.264,0.053,0.103,0.076,0.039,0.071,0.163,0.078,0.272,0.05
0.065,0.218,0.058,0.291,0.061,0.345,0.047,0.692,0.062,0.37,0.069,0.303,0.056,0.147,0.072,0.074,0.062,0.119,0.074,0.276,0.069
0.067,0.196,0.054,0.067,0.062,0.063,0.051,0.223,0.047,0.365,0.068,0.236,0.048,0.104,0.069,0.056,0.069,0.139,0.064,0.233,0.061
0.086,0.16,0.068,0.105,0.082,0.117,0.06,0.734,0.077,0.294,0.07,0.161,0.048,0.071,0.055,0.076,0.067,0.13,0.067,0.264,0.065
0.109,0.23,0.06,0.11,0.087,0.126,0.048,0.719,0.053,0.315,0.054,0.202,0.053,0.101,0.071,0.085,0.086,0.213,0.075,0.231,0.062
0.097,0.312,0.055,0.145,0.091,0.125,0.054,0.356,0.047,0.366,0.073,0.28,0.067,0.155,0.076,0.069,0.077,0.135,0.068,0.248,0.068
0.104,0.128,0.061,0.073,0.066,0.082,0.061,0.312,0.049,0.433,0.064,0.214,0.058,0.062,0.073,0.064,0.088,0.127,0.057,0.213,0.049
0.08,0.265,0.039,0.045,0.077,0.05,0.072,0.623,0.07,0.35,0.064,0.156,0.052,0.055,0.083,0.046,0.068,0.103,0.077,0.221,0.075
0.079,0.156,0.058,0.068,0.066,0.057,0.06,0.641,0.061,0.639,0.072,0.246,0.053,0.098,0.068,0.065,0.07,0.092,0.088,0.25,0.097
0.1,0.099,0.066,0.08,0.084,0.366,0.055,0.255,0.054,0.378,0.09,0.362,0.096,0.16,0.105,0.088,0.093,0.179,0.098,0.283,0.11
0.104,0.276,0.065,0.148,0.084,0.64,0.073,0.316,0.053,0.36,0.077,0.24,0.075,0.15,0.108,0.063,0.066,0.121,0.078,0.212,0.071
0.09,0.273,0.062,2.551,0.068,0.077,0.075,0.729,0.066,0.609,0.066,0.245,0.066,0.317,0.086,0.11,0.07,0.125,0.086,0.958,0.073
0.1,0.119,0.077,0.057,0.061,0.054,0.061,0.218,0.061,0.692,0.086,0.293,0.072,0.141,0.073,0.076,0.061,0.131,0.088,0.352,0.08
0.088,0.134,0.054,0.087,0.077,0.05,0.063,0.224,0.054,0.418,0.068,0.232,0.045,0.084,0.088,0.056,0.056,0.111,0.065,0.209,0.064
0.057,0.153,0.066,0.29,0.066,0.235,0.057,0.361,0.055,0.488,0.078,0.236,0.07,0.11,0.092,0.066,0.067,0.13,0.075,0.235,0.068
0.086,0.19,0.075,0.188,0.089,0.229,0.068,0.829,0.058,0.347,0.074,0.22,0.055,0.111,0.101,0.035,0.079,0.113,0.077,0.24,0.071
0.129,0.089,0.093,0.043,0.086,0.017,0.078,0.814,0.085,0.563,0.131,0.281,0.101,0.129,0.113,0.085,0.082,0.24,0.09,0.364,0.081
0.102,0.158,0.074,0.059,0.076,0.037,0.061,0.542,0.072,0.314,0.077,0.19,0.063,0.073,0.115,0.02,0.072,0.146,0.072,0.273,0.062
0.106,0.17,0.076,0.052,0.079,0.044,0.07,0.787,0.058,0.302,0.095,0.258,0.058,0.097,0.087,0.071,0.067,0.133,0.083,0.312,0.072
0.08,0.272,0.074,0.051,0.082,0.087,0.085,0.942,0.082,0.35,0.083,0.169,0.063,0.071,0.112,0.035,0.069,0.314,0.069,0.252,0.055
0.097,0.248,0.072,0.144,0.04,0.15,0.083,0.427,0.061,0.416,0.105,0.262,0.058,0.062,0.119,0.045,0.072,0.111,0.078,0.319,0.061
0.086,0.194,0.082,0.06,0.074,0.118,0.076,0.824,0.083,0.408,0.113,0.164,0.072,0.051,0.098,0.039,0.066,0.105,0.066,0.224,0.058
0.096,0.198,0.086,0.08,0.078,0.404,0.069,0.967,0.076,0.413,0.097,0.136,0.071,0.042,0.095,0.043,0.081,0.097,0.085,0.289,0.07
0.092,0.243,0.07,0.117,0.09,0.34,0.083,0.809,0.082,0.312,0.101,0.162,0.068,0.06,0.117,0.029,0.077,0.109,0.095,0.337,0.073
0.104,0.344,0.067,0.175,0.052,0.358,0.057,0.968,0.106,0.415,0.069,0.623,0.095,0.088,0.143,0.013,0.105,0.323,0.065,0.242,0.063
0.081,0.24,0.069,0.08,0.077,0.285,0.078,0.434,0.067,0.338,0.096,0.15,0.053,0.054,0.101,0.031,0.081,0.095,0.072,0.189,0.065
0.086,0.221,0.075,0.126,0.097,0.116,0.06,0.366,0.068,0.435,0.116,0.154,0.065,0.059,0.112,0.03,0.067,0.095,0.102,0.192,0.067
0.11,0.06,0.075,0.049,0.075,0.027,0.069,0.713,0.074,0.279,0.114,0.121,0.052,0.048,0.109,0.03,0.072,0.1,0.085,0.279,0.006
0.115,0.23,0.074,0.087,0.09,0.079,0.079,0.591,0.083,0.297,0.109,0.179,0.077,0.074,0.112,0.022,0.079,0.091,0.105,0.159,0.083
0.132,0.1,0.082,0.075,0.077,0.088,0.1,0.266,0.067,0.315,0.109,0.305,0.105,0.137,0.15,0.054,0.12,0.199,0.114,2,0.106
0.104,0.168,0.106,0.058,0.07,0.059,0.078,0.276,0.072,0.475,0.12,0.425,0.097,0.092,0.144,-0.005,0.086,0.077,0.109,0.374,0.1
0.111,0.133,0.09,0.179,0.107,0.393,0.081,0.276,0.068,0.454,0.116,0.239,0.076,0.079,0.142,-0.002,0.072,0.108,0.105,0.193,0.08
0.093,0.094,0.072,0.05,0.071,0.05,0.07,0.225,0.055,0.333,0.102,0.187,0.058,0.082,0.103,0.033,0.067,0.083,0.083,0.162,0.063
0.08,0.313,0.085,0.205,0.094,0.326,0.098,1.128,0.076,0.767,0.108,0.289,0.08,0.099,0.134,0.01,0.081,0.094,0.1,0.325,0.082
0.113,0.131,0.081,0.064,0.076,0.069,0.071,0.236,0.059,0.321,0.118,0.157,0.068,0.134,0.07,-0.024,0.077,0.164,0.102,0.287,0.075
0.129,0.288,0.085,0.142,0.1,0.169,0.091,0.283,0.07,0.304,0.11,0.187,0.079,0.243,0.184,0.095,0.082,0.107,0.092,0.164,0.068
0.125,0.151,0.08,0.055,0.104,0.049,0.068,0.183,0.079,0.324,0.123,0.17,0.077,0.027,0.164,0.014,0.068,0.073,0.111,0.196,0.074
0.114,0.099,0.061,0.083,0.095,0.074,0.077,0.797,0.066,0.297,0.104,0.207,0.062,0.047,0.138,0.026,0.08,0.091,0.104,0.168,0.067
0.1,0.204,0.078,0.084,0.087,0.122,0.087,0.315,0.076,0.279,0.12,0.183,0.074,0.051,0.157,0.024,0.092,0.123,0.116,0.235,0.08
0.119,0.196,0.068,0.082,0.097,0.09,0.082,0.35,0.075,0.268,0.099,0.195,0.067,0.054,0.138,0.02,0.076,0.098,0.104,0.226,0.062
0.112,0.204,0.091,0.1,0.073,0.044,0.09,0.72,0.066,0.443,0.111,0.212,0.075,0.096,0.151,0.023,0.072,0.106,0.102,0.248,0.067
0.104,0.218,0.092,0.384,0.087,0.361,0.082,0.528,0.076,0.409,0.114,0.204,0.051,0.033,0.181,0.013,0.084,0.082,0.097,0.212,0.066
0.106,0.802,0.077,0.027,0.077,0.024,0.075,0.235,0.076,0.328,0.112,0.175,0.064,0.006,0.175,0.071,0.105,0.056,0.115,0.223,0.086
0.105,0.126,0.069,0.115,0.083,0.076,0.079,0.191,0.084,0.391,0.118,0.205,0.068,0.047,0.166,0.078,0.11,0.448,0.074,0.808,0.096
0.078,0.324,0.074,0.075,0.082,0.049,0.072,1.073,0.111,0.65,0.105,0.474,0.086,0.149,0.077,0.097,0.105,0.253,0.102,0.379,0.106
0.077,0.154,0.1,0.08,0.076,0.046,0.091,0.669,0.096,0.359,0.127,0.115,0.069,0.017,0.141,0.008,0.072,0.07,0.098,0.206,0.078
0.074,0.154,0.081,0.068,0.077,0.047,0.065,0.18,0.069,0.324,0.097,0.192,0.079,0.019,0.156,0.008,0.078,0.074,0.101,0.168,0.066
0.111,0.396,0.11,0.085,0.078,0.075,0.082,0.804,0.084,0.413,0.116,0.173,0.067,0.018,0.157,0.013,0.074,0.09,0.102,0.231,0.076
0.107,0.218,0.096,0.055,0.088,0.049,0.09,0.901,0.097,0.272,0.12,0.161,0.058,0.017,0.154,0.016,0.077,0.92,0.088,0.309,0.053
0.064,0.09,0.092,0.054,0.07,0.033,0.054,0.149,0.07,0.351,0.113,0.2,0.075,0.029,0.167,-0.011,0.083,0.086,0.097,0.206,0.075
0.088,0.15,0.093,0.043,0.085,0.016,0.068,0.179,0.074,0.517,0.121,0.183,0.064,0.043,0.155,-0.001,0.083,0.087,0.096,0.214,0.07
0.101,0.192,0.077,0.873,0.099,0.142,0.077,0.203,0.072,1.129,0.114,0.311,0.102,0.143,0.149,0.055,0.08,0.24,0.071,0.341,0.096
0.117,0.123,0.096,0.067,0.074,0.041,0.071,0.229,0.062,0.296,0.101,0.134,0.067,0.066,0.12,0.038,0.069,0.102,0.093,0.189,0.064
0.097,0.067,0.077,0.057,0.061,0.042,0.056,0.213,0.069,0.302,0.119,0.146,0.047,0.035,0.162,0.093,0.088,0.121,0.072,0.416,0.075
0.102,0.184,0.09,0.125,0.065,0.482,0.081,0.296,0.067,0.304,0.1,0.143,0.082,0.037,0.142,0.044,0.082,0.094,0.084,0.227,0.066
0.105,0.186,0.081,0.226,0.102,0.159,0.067,0.229,0.076,0.311,0.129,0.207,0.089,0.058,0.185,0.019,0.095,0.11,0.099,0.314,0.091
0.091,0.14,0.075,0.057,0.077,0.035,0.069,0.258,0.068,0.39,0.113,0.191,0.11,0.07,0.153,0.079,0.101,0.149,0.113,0.221,0.08
0.123,0.187,0.081,0.082,0.107,0.08,0.088,0.235,0.072,0.445,0.115,0.157,0.072,0.063,0.156,0.011,0.083,0.107,0.106,0.197,0.084
0.113,0.48,0.106,0.077,0.084,0.068,0.112,1.199,0.056,0.362,0.094,0.19,0.082,0.042,0.141,0.034,0.075,0.111,0.101,0.206,0.067
0.073,0.26,0.081,0.453,0.12,0.309,0.083,0.214,0.063,0.331,0.121,0.149,0.081,0.028,0.185,0.037,0.09,0.098,0.107,0.213,0.068
0.087,0.274,0.073,0.366,0.095,0.587,0.1,0.331,0.068,0.51,0.119,0.179,0.09,0.03,0.157,0.048,0.091,0.098,0.104,0.712,0.129
0.095,0.208,0.069,0.079,0.071,0.068,0.072,0.239,0.084,0.31,0.128,0.133,0.099,0.025,0.171,0.014,0.09,0.074,0.109,0.248,0.085
0.111,0.41,0.098,0.084,0.092,0.049,0.068,0.241,0.075,0.315,0.118,0.311,0.099,0.084,0.149,0.011,0.098,0.097,0.1,0.202,0.087
0.108,0.168,0.081,0.127,0.047,0.156,0.072,0.312,0.069,0.296,0.124,0.114,0.077,0.028,0.144,0.024,0.066,0.107,0.073,0.221,0.075
0.133,0.391,0.095,0.12,0.087,0.436,0.084,0.316,0.06,0.288,0.1,0.188,0.074,0.016,0.181,0.052,0.108,0.086,0.092,0.471,0.072
0.089,0.153,0.069,0.052,0.071,0.026,0.059,0.215,0.072,0.396,0.081,0.178,0.085,0.025,0.125,0.041,0.079,0.076,0.099,0.226,0.073
0.119,0.229,0.065,0.052,0.072,0.016,0.063,0.57,0.052,0.528,0.116,0.167,0.075,0.079,0.085,0.026,0.063,0.098,0.068,0.214,0.062
0.071,0.21,0.075,0.026,0.068,0.048,0.066,1.018,0.072,0.408,0.104,0.18,0.055,0.079,0.12,0.002,0.074,0.09,0.089,0.213,0.081
0.09,0.284,0.07,0.072,0.091,0.218,0.083,0.339,0.071,0.32,0.097,0.221,0.062,0.059,0.098,0.031,0.057,0.115,0.058,0.215,0.068
0.082,0.237,0.083,0.051,0.071,0.054,0.081,0.268,0.066,0.352,0.121,0.183,0.062,0.06,0.099,0.017,0.064,0.102,0.08,0.23,0.062
0.066,0.203,0.07,0.125,0.063,0.365,0.09,0.812,0.064,0.306,0.11,0.12,0.056,0.06,0.107,0.021,0.061,0.352,0.057,0.271,0.05
0.063,0.242,0.067,0.088,0.067,0.058,0.076,0.321,0.068,0.328,0.126,0.147,0.06,0.024,0.118,0.04,0.064,0.113,0.067,0.226,0.077
0.085,0.23,0.083,0.355,0.093,0.084,0.087,0.402,0.066,0.323,0.101,0.153,0.071,0.057,0.115,0.016,0.083,0.277,0.08,0.276,0.079
0.066,0.243,0.066,0.089,0.061,0.042,0.065,0.361,0.068,0.308,0.092,0.392,0.105,0.087,0.142,0.008,0.068,0.153,0.075,0.252,0.077
0.085,0.255,0.066,0.051,0.088,0.035,0.081,0.247,0.078,0.348,0.087,0.183,0.064,0.048,0.111,0.021,0.054,0.153,0.058,0.203,0.073
0.077,0.18,0.066,0.066,0.06,0.286,0.093,0.251,0.068,0.332,0.116,0.117,0.056,0.051,0.117,0.007,0.085,0.093,0.075,0.246,0.068
0.093,0.221,0.087,0.1,0.055,0.061,0.067,0.78,0.076,0.388,0.102,0.119,0.063,0.062,0.104,0.011,0.07,0.105,0.074,0.227,0.059
0.076,0.199,0.077,0.04,0.049,0.05,0.077,0.227,0.071,0.275,0.091,0.21,0.052,0.155,0.019,0.026,0.061,0.12,0.061,0.234,0.068
0.074,0.219,0.072,0.051,0.073,0.038,0.064,0.215,0.07,0.277,0.104,0.176,0.074,0.144,0.033,0.034,0.061,0.31,0.083,0.249,0.05
0.083,0.65,0.074,0.016,0.071,0.048,0.055,0.25,0.073,0.458,0.091,0.166,0.057,0.038,0.11,0.021,0.069,0.093,0.073,0.197,0.063
0.086,0.142,0.071,0.07,0.054,0.036,0.06,0.207,0.063,0.374,0.1,0.238,0.079,0.045,0.126,-0.002,0.071,0.091,0.072,0.224,0.07
0.119,0.184,0.082,0.317,0.083,0.07,0.075,0.564,0.078,0.393,0.112,0.223,0.062,0.171,0.03,-0.001,0.071,0.282,0.102,0.701,0.118
0.091,0.16,0.083,0.05,0.059,0.046,0.064,0.21,0.063,0.352,0.079,0.193,0.051,0.051,0.133,0.025,0.063,0.106,0.068,0.161,0.069
0.09,0.527,0.09,0.111,0.092,0.26,0.094,0.278,0.078,0.389,0.123,0.154,0.05,0.05,0.135,0.012,0.082,0.099,0.063,0.19,0.058
0.079,0.49,0.09,0.081,0.09,0.434,0.118,0.28,0.081,0.423,0.097,0.214,0.061,0.094,0.116,0.026,0.066,0.107,0.082,0.216,0.071
0.107,0.123,0.075,0.069,0.071,0.097,0.093,0.238,0.085,0.302,0.118,0.131,0.065,0.001,0.158,0.01,0.066,0.079,0.092,0.147,0.052
0.086,0.918,0.082,0.587,0.052,0.028,0.065,0.188,0.057,0.351,0.085,0.177,0.053,0.041,0.134,0.042,0.056,0.108,0.071,0.214,0.062
0.083,0.17,0.066,0.106,0.06,0.041,0.059,0.193,0.08,0.301,0.121,0.135,0.069,0.02,0.14,0.014,0.084,0.126,0.076,0.201,0.07
0.079,0.182,0.077,0.054,0.057,0.059,0.052,0.349,0.076,0.352,0.103,0.13,0.035,0.049,0.143,0.057,0.088,0.117,0.081,0.237,0.051
0.097,0.19,0.087,0.054,0.07,0.046,0.082,0.255,0.087,0.537,0.115,0.177,0.074,0.022,0.17,0.01,0.083,0.098,0.084,0.172,0.063
0.095,0.144,0.077,0.079,0.07,0.052,0.067,0.206,0.083,0.329,0.086,0.205,0.076,0.039,0.175,0.002,0.09,0.101,0.072,0.628,0.075
0.116,0.178,0.067,0.063,0.087,0.061,0.085,0.432,0.056,0.262,0.128,0.078,0.086,0.028,0.15,0.02,0.072,0.092,0.086,0.231,0.078
0.101,0.088,0.082,0.069,0.063,0.034,0.067,0.173,0.074,0.319,0.113,0.119,0.074,0.046,0.156,-0.002,0.061,0.09,0.082,0.19,0.052
0.109,0.06,0.072,0.035,0.066,0.037,0.071,0.178,0.055,0.331,0.086,0.151,0.117,0.655,0.085,0.061,0.092,0.167,0.082,0.279,0.078
0.087,0.072,0.067,0.092,0.057,0.075,0.077,0.201,0.071,0.351,0.095,0.138,0.073,0.012,0.163,0.016,0.071,0.12,0.057,1.117,0.072
0.07,0.148,0.082,0.048,0.064,0.199,0.091,0.178,0.08,0.26,0.125,0.097,0.089,0.023,0.161,0.027,0.093,0.595,0.087,0.183,0.066
0.088,0.181,0.075,0.073,0.066,0.024,0.065,0.151,0.065,0.47,0.119,0.164,0.073,0.033,0.143,-0.017,0.084,0.077,0.096,0.197,0.089
0.12,0.182,0.078,0.054,0.056,0.044,0.072,0.263,0.09,0.593,0.112,0.101,0.075,0.024,0.143,0.009,0.081,0.08,0.091,0.741,0.087
0.115,0.17,0.096,0.194,0.091,0.131,0.101,0.261,0.09,0.29,0.107,0.95,0.084,0.05,0.129,0.021,0.058,0.125,0.092,0.167,0.069
0.121,0.094,0.086,0.062,0.063,0.027,0.073,0.157,0.072,0.261,0.104,0.139,0.067,0.014,0.162,0.028,0.074,0.115,0.059,0.931,0.086
0.091,0.111,0.075,0.074,0.052,0.03,0.071,0.162,0.073,0.291,0.111,0.329,0.095,0.105,0.152,-0.033,0.074,0.104,0.094,0.198,0.082
0.088,0.102,0.086,0.062,0.081,0.1,0.111,0.173,0.068,0.403,0.118,0.149,0.086,0.022,0.151,0.025,0.071,0.121,0.064,0.267,0.085
0.097,0.17,0.067,0.046,0.065,0.038,0.064,0.175,0.074,0.353,0.114,0.183,0.101,0.053,0.2,0.029,0.074,0.11,0.087,0.329,0.086
0.105,0.586,0.07,0.042,0.096,0.009,0.062,0.2,0.061,0.296,0.08,0.272,0.132,0.165,0.101,0.037,0.081,0.121,0.103,0.239,0.085
0.098,0.129,0.077,0.046,0.054,0.035,0.068,0.179,0.064,0.287,0.096,0.156,0.076,0.017,0.155,0.042,0.074,0.12,0.104,0.27,0.073
0.091,0.406,0.076,0.096,0.079,0.124,0.1,0.203,0.08,0.394,0.118,0.162,0.094,0.024,0.159,0.069,0.076,0.178,0.052,0.314,0.087
0.118,0.118,0.073,0.057,0.05,0.056,0.07,0.186,0.077,0.353,0.105,0.128,0.077,0.006,0.155,0.058,0.059,0.15,0.085,0.247,0.061
0.103,0.149,0.083,0.064,0.078,0.076,0.079,0.373,0.101,0.332,0.13,0.197,0.079,0.114,0.152,0.161,0.098,0.138,0.066,0.256,0.064
0.107,0.092,0.084,0.056,0.067,0.026,0.066,0.26,0.082,0.348,0.133,0.103,0.066,0.017,0.142,0.04,0.079,0.169,0.078,0.414,0.072
0.09,0.345,0.087,0.06,0.075,0.046,0.07,0.155,0.073,0.361,0.138,0.121,0.07,0.046,0.134,0.018,0.076,0.234,0.105,0.225,0.072
0.089,0.329,0.08,0.05,0.052,0.053,0.055,0.236,0.083,0.321,0.121,0.12,0.077,0.041,0.145,0.031,0.082,0.126,0.1,0.279,0.07
0.1,0.168,0.1,0.239,0.078,0.129,0.114,0.218,0.099,0.282,0.156,0.095,0.082,0.043,0.15,0.03,0.079,0.139,0.123,0.227,0.078
0.114,0.152,0.084,0.078,0.071,0.061,0.107,0.377,0.127,0.488,0.115,0.155,0.083,0.033,0.131,-0.012,0.088,0.105,0.123,0.202,0.08
0.118,0.143,0.093,0.065,0.085,0.018,0.068,0.174,0.082,0.364,0.126,0.145,0.056,0.061,0.145,0.065,0.085,0.207,0.081,0.262,0.067
0.099,0.192,0.083,0.041,0.071,0.066,0.074,0.858,0.078,0.285,0.116,0.119,0.057,0.055,0.116,0.045,0.072,0.118,0.088,0.259,0.065
0.086,0.142,0.086,0.029,0.062,0.054,0.055,0.205,0.072,0.314,0.123,0.112,0.073,0.051,0.126,0.056,0.074,0.146,0.082,0.268,0.061
0.086,0.107,0.046,0.054,0.065,0.044,0.064,0.762,0.055,0.346,0.086,0.162,0.07,0.048,0.097,0.049,0.088,0.107,0.067,0.209,0.062
0.067,0.186,0.057,0.065,0.072,0.093,0.093,1.039,0.069,0.402,0.084,0.184,0.051,0.071,0.083,0.061,0.074,0.115,0.088,0.277,0.064
0.071,0.183,0.071,0.058,0.061,1.227,0.091,0.452,0.049,0.772,0.095,0.102,0.073,0.047,0.102,0.008,0.093,0.093,0.084,0.195,0.065
0.086,0.19,0.073,0.083,0.075,0.107,0.089,0.326,0.079,0.341,0.1,0.17,0.089,0.045,0.138,-0.003,0.108,0.12,0.095,0.263,0.08
0.089,0.233,0.061,0.06,0.084,0.065,0.068,0.22,0.057,0.413,0.11,0.149,0.076,0.046,0.13,-0.001,0.102,0.089,0.082,0.25,0.083
0.09,0.187,0.073,0.075,0.086,0.26,0.082,0.529,0.067,0.331,0.099,0.172,0.066,0.05,0.138,0.004,0.106,0.086,0.096,0.274,0.082
0.103,0.183,0.078,0.075,0.083,0.09,0.109,0.398,0.072,0.327,0.107,0.16,0.07,0.029,0.117,0.041,0.077,0.097,0.083,0.262,0.075
0.072,0.251,0.081,0.127,0.076,0.229,0.084,0.381,0.076,0.39,0.104,0.162,0.082,0.048,0.137,0.012,0.08,0.104,0.092,0.213,0.077
0.084,0.145,0.077,0.092,0.063,0.298,0.098,0.349,0.061,0.332,0.1,0.191,0.053,0.072,0.15,0.001,0.08,0.085,0.088,0.205,0.071
0.086,0.34,0.089,0.074,0.098,0.056,0.087,0.414,0.104,0.464,0.109,0.359,0.096,0.113,0.139,0.049,0.122,0.13,0.103,0.27,0.071
0.116,0.228,0.054,0.105,0.059,0.185,0.092,0.326,0.064,0.315,0.1,0.252,0.1,0.093,0.142,-0.016,0.087,0.088,0.098,0.191,0.074
0.094,0.137,0.067,0.082,0.065,0.562,0.082,0.289,0.065,0.282,0.089,0.119,0.052,0.059,0.12,0.047,0.077,0.115,0.07,0.212,0.064
0.069,0.219,0.057,0.132,0.061,0.162,0.083,0.311,0.06,0.334,0.089,0.151,0.062,0.039,0.154,0.002,0.079,0.1,0.08,0.179,0.064
0.062,0.172,0.063,0.107,0.067,0.145,0.094,1.091,0.098,0.687,0.081,0.182,0.061,0.038,0.131,0.008,0.074,0.097,0.094,0.164,0.072
0.093,0.118,0.061,0.058,0.057,0.189,0.071,0.241,0.063,0.305,0.084,0.131,0.051,0.159,0.162,-0.121,0.09,0.349,0.074,0.217,0.06
0.081,0.884,0.064,0.091,0.069,0.142,0.078,0.368,0.067,0.306,0.086,0.225,0.085,-0.034,0.224,0.531,0.058,0.164,0.09,0.252,0.069
0.097,0.086,0.07,0.105,0.056,0.058,0.089,0.195,0.066,0.297,0.114,0.085,0.067,0.028,0.142,0.002,0.08,0.076,0.087,0.177,0.057
0.087,0.186,0.069,0.064,0.068,0.047,0.071,0.208,0.071,0.347,0.1,0.122,0.082,0.021,0.148,-0.013,0.085,0.056,0.104,0.178,0.059
0.078,0.236,0.081,0.088,0.067,0.069,0.076,0.231,0.118,0.707,0.11,0.319,0.085,0.098,0.164,0.018,0.101,0.096,0.1,0.172,0.072
0.128,0.135,0.091,0.073,0.078,0.048,0.091,0.169,0.079,0.431,0.104,0.164,0.07,0.054,0.153,-0.017,0.083,0.085,0.102,0.177,0.067
0.105,0.205,0.076,0.08,0.063,0.123,0.096,0.219,0.089,0.315,0.143,0.151,0.06,0.044,0.152,0.016,0.077,0.108,0.081,0.212,0.077
0.118,0.108,0.076,0.079,0.063,0.043,0.082,0.19,0.062,0.378,0.109,0.234,0.098,0.082,0.159,-0.014,0.061,0.088,0.108,0.168,0.068
0.123,0.303,0.086,0.157,0.09,0.365,0.101,0.183,0.057,0.243,0.114,0.086,0.08,0.032,0.151,-0.021,0.093,0.081,0.101,0.224,0.075
0.108,0.195,0.08,0.054,0.054,0.081,0.076,0.226,0.08,0.32,0.104,0.2,0.077,0.015,0.158,0.006,0.078,0.088,0.093,0.2,0.078
0.099,0.128,0.106,0.047,0.078,0.086,0.091,0.279,0.084,0.302,0.107,0.163,0.096,0.047,0.153,-0.014,0.065,0.079,0.09,0.156,0.031
0.107,0.104,0.061,0.063,0.068,0.073,0.077,0.195,0.065,0.297,0.103,0.352,0.092,0.141,0.138,0.007,0.077,0.148,0.092,0.277,0.067
0.088,0.203,0.092,0.072,0.065,0.073,0.076,0.817,0.064,0.316,0.076,0.213,0.071,0.052,0.093,0.032,0.1,0.081,0.093,0.237,0.04
0.099,0.011,0.08,0.075,0.058,0.073,0.086,0.19,0.071,0.311,0.105,0.214,0.103,0.066,0.149,-0.019,0.107,0.088,0.115,0.497,0.077
0.111,0.022,0.083,0.055,0.071,0.043,0.098,0.149,0.08,1.161,0.073,0.208,0.042,0.092,0.101,0.036,0.072,0.115,0.085,0.207,0.066
0.116,0.072,0.07,0.064,0.057,0.031,0.075,0.172,0.049,0.305,0.085,0.137,0.069,0.056,0.126,0.018,0.1,0.087,0.088,0.223,0.053
0.084,0.036,0.065,0.119,0.093,0.363,0.092,0.621,0.067,0.263,0.131,0.176,0.082,0.047,0.132,-0.001,0.086,0.083,0.101,0.209,0.076
0.078,0.184,0.074,0.101,0.054,0.06,0.069,0.163,0.05,0.308,0.123,0.126,0.073,0.15,0.023,-0.012,0.08,0.494,0.05,0.266,0.046
0.065,0.294,0.074,0.111,0.048,0.05,0.075,0.171,0.062,1.078,0.099,0.209,0.069,0.034,0.143,-0.024,0.096,0.078,0.096,0.283,0.107
0.128,0.189,0.093,0.115,0.101,0.69,0.103,0.214,0.066,0.312,0.105,0.534,0.081,0.131,0.155,0.005,0.077,0.097,0.101,0.215,0.067
0.112,0.214,0.077,0.096,0.066,0.085,0.092,0.323,0.084,0.503,0.123,0.196,0.062,0.031,0.162,0.006,0.092,0.084,0.108,0.208,0.067
0.121,0.246,0.071,0.101,0.053,0.073,0.064,0.194,0.053,0.475,0.109,0.204,0.058,0.059,0.162,-0.019,0.09,0.09,0.095,0.233,0.072
0.117,0.149,0.066,0.06,0.066,0.049,0.073,0.181,0.052,0.349,0.123,0.11,0.092,0.02,0.163,-0.036,0.087,0.059,0.11,0.184,0.066
0.141,0.178,0.079,0.052,0.078,0.048,0.083,0.214,0.109,0.795,0.099,0.191,0.081,0.055,0.144,0.01,0.067,0.097,0.094,0.232,0.063
0.102,0.042,0.072,0.055,0.073,0.039,0.092,0.167,0.055,0.281,0.101,0.086,0.065,0.034,0.133,0.027,0.075,0.095,0.081,0.2,0.058
0.106,0.273,0.079,0.057,0.077,0.086,0.097,0.236,0.081,0.314,0.125,0.068,0.084,0.024,0.14,-0.016,0.084,0.088,0.097,0.195,0.075
0.137,0.085,0.086,0.064,0.095,0.168,0.12,0.16,0.075,0.323,0.137,0.051,0.106,0.05,0.169,-0.036,0.095,0.067,0.118,0.167,0.075
0.116,0.121,0.075,0.064,0.059,0.138,0.09,0.214,0.096,0.448,0.118,0.272,0.069,0.059,0.153,0.07,0.094,0.126,0.106,0.238,0.081
0.116,0.209,0.08,0.091,0.087,0.12,0.089,0.327,0.082,0.318,0.115,0.145,0.089,0.004,0.143,0.019,0.086,0.092,0.097,0.173,0.072
0.108,0.25,0.089,0.088,0.06,0.085,0.077,0.228,0.077,0.357,0.098,0.154,0.095,-0.028,0.182,0.054,0.091,0.087,0.097,0.182,0.066
0.13,0.404,0.092,1.067,0.072,0.019,0.086,0.611,0.058,0.348,0.091,0.199,0.093,0.031,0.153,-0.027,0.095,0.065,0.108,0.213,0.074
0.102,0.222,0.088,0.073,0.088,0.134,0.11,0.228,0.092,0.323,0.139,0.101,0.083,0.033,0.147,-0.032,0.089,0.138,0.118,0.183,0.082
0.107,0.125,0.075,0.037,0.085,0.049,0.078,0.173,0.067,0.277,0.111,0.11,0.092,0.012,0.162,-0.027,0.099,0.093,0.116,0.241,0.08
0.134,0.136,0.076,0.057,0.083,0.056,0.074,0.163,0.057,0.303,0.109,0.144,0.096,0.005,0.173,-0.02,0.094,0.078,0.091,0.21,0.074
0.119,0.631,0.075,0.087,0.082,0.109,0.097,0.239,0.072,0.334,0.127,0.135,0.089,0.02,0.16,-0.016,0.091,0.078,0.1,0.211,0.072
0.104,0.188,0.085,0.081,0.08,0.332,0.072,0.196,0.064,0.313,0.149,0.095,0.112,0.045,0.188,-0.052,0.11,0.081,0.132,0.568,0.074
0.119,0.317,0.067,0.154,0.068,0.103,0.067,1.18,0.063,0.531,0.089,0.202,0.088,0.017,0.107,0.039,0.078,0.117,0.092,0.237,0.07
0.084,0.211,0.054,0.101,0.08,0.109,0.066,0.285,0.057,0.314,0.098,0.137,0.108,0.055,0.124,0.015,0.092,0.114,0.092,0.207,0.067
0.085,0.209,0.054,0.114,0.075,0.286,0.054,0.336,0.056,0.42,0.095,0.221,0.081,0.046,0.12,0.027,0.073,0.101,0.101,0.224,0.081
0.088,0.559,0.067,0.191,0.074,0.152,0.056,0.662,0.046,0.409,0.092,0.164,0.08,0.06,0.125,0.02,0.08,0.097,0.087,0.214,0.065
0.057,0.298,0.05,0.11,0.065,0.076,0.069,0.206,0.055,0.352,0.101,0.201,0.091,0.039,0.147,0.018,0.072,0.097,0.084,0.231,0.068
0.086,0.193,0.07,0.097,0.06,0.058,0.064,0.288,0.055,0.319,0.1,0.313,0.086,0.11,0.123,-0.003,0.077,0.127,0.061,0.254,0.061
0.081,0.177,0.076,0.061,0.066,0.066,0.067,0.191,0.057,0.315,0.079,0.607,0.103,0.119,0.093,0.033,0.079,0.146,0.078,0.224,0.064
0.093,0.241,0.064,0.153,0.07,0.109,0.07,0.255,0.063,0.322,0.098,0.208,0.057,0.071,0.15,0.043,0.077,0.154,0.049,0.228,0.066
0.091,0.247,0.073,0.098,0.076,0.267,0.072,0.278,0.062,0.325,0.09,0.189,0.071,0.03,0.173,0.04,0.075,0.135,0.048,0.222,0.059
0.09,0.184,0.067,0.089,0.064,0.086,0.066,0.234,0.066,0.345,0.093,0.215,0.081,0.037,0.152,0.031,0.076,0.126,0.064,0.224,0.06
0.072,0.127,0.059,0.082,0.059,0.073,0.062,0.865,0.059,0.623,0.081,0.429,0.091,0.139,0.109,0.055,0.076,0.131,0.074,0.832,0.087
0.109,0.122,0.065,0.108,0.095,0.048,0.071,0.202,0.061,0.264,0.074,0.247,0.121,0.018,0.133,0.028,0.077,0.09,0.096,0.194,0.066
0.07,0.185,0.061,0.087,0.073,0.054,0.077,0.211,0.057,0.526,0.104,0.218,0.086,0.023,0.127,0.024,0.078,0.076,0.098,0.212,0.076
0.068,0.118,0.056,0.1,0.075,0.076,0.072,0.27,0.067,0.552,0.092,0.163,0.069,0.057,0.123,0.009,0.067,0.095,0.1,0.216,0.072
0.079,0.443,0.076,0.175,0.044,0.433,0.06,0.267,0.049,0.42,0.089,0.133,0.085,0.031,0.12,0.027,0.073,0.105,0.099,0.236,0.069
0.092,0.191,0.068,0.062,0.076,0.096,0.063,0.294,0.062,0.401,0.09,0.157,0.078,0.032,0.125,0.017,0.104,0.083,0.092,0.217,0.075
0.078,0.187,0.062,0.106,0.058,0.103,0.073,0.236,0.059,0.41,0.095,0.152,0.07,0.05,0.137,0.028,0.064,0.104,0.098,0.246,0.076
0.062,0.167,0.068,0.119,0.061,0.086,0.083,0.202,0.058,0.378,0.104,0.142,0.102,0.037,0.133,0.034,0.086,0.296,0.069,0.285,0.072
0.054,0.454,0.064,0.089,0.059,0.097,0.066,0.22,0.057,0.448,0.074,0.828,0.084,0.04,0.099,0.043,0.066,0.123,0.07,1.492,0.112
0.08,0.099,0.065,0.082,0.066,0.048,0.068,0.153,0.059,0.278,0.071,0.145,0.061,0.068,0.099,0.054,0.071,0.078,0.078,0.195,0.06
0.088,0.226,0.069,0.856,0.093,0.182,0.078,1.372,0.07,0.608,0.068,0.303,0.089,0.086,0.096,0.042,0.076,0.106,0.08,0.243,0.081
0.108,0.116,0.078,0.036,0.086,0.015,0.055,0.73,0.062,0.35,0.105,0.1,0.08,0.034,0.125,0.111,0.119,0.343,0.076,0.661,0.081
0.1,0.158,0.071,0.075,0.075,0.062,0.07,0.198,0.075,0.573,0.107,0.113,0.086,0.04,0.115,0.012,0.084,0.077,0.105,0.193,0.061
0.089,0.153,0.064,0.083,0.081,0.058,0.067,0.169,0.063,0.402,0.102,0.15,0.078,0.039,0.137,0.004,0.082,0.083,0.092,0.336,0.086
0.115,0.184,0.083,0.075,0.078,0.045,0.072,0.146,0.063,0.282,0.105,0.136,0.134,0.06,0.15,0.028,0.112,0.143,0.079,0.236,0.067
0.092,0.171,0.084,0.081,0.073,0.316,0.088,0.194,0.08,0.404,0.103,0.148,0.073,0.019,0.137,0.038,0.082,0.095,0.091,0.234,0.073
0.083,0.209,0.063,0.076,0.064,0.047,0.069,0.177,0.057,0.778,0.091,0.178,0.085,0.053,0.132,0.005,0.082,0.092,0.101,0.219,0.07
0.091,0.084,0.073,0.044,0.069,0.056,0.079,0.172,0.074,0.453,0.106,0.188,0.091,0.028,0.121,0.015,0.075,0.072,0.105,0.221,0.077
0.115,0.119,0.066,0.057,0.087,0.047,0.08,0.212,0.057,0.45,0.114,0.14,0.086,0.109,0.131,0.11,0.076,0.15,0.091,0.235,0.064
0.094,0.145,0.083,0.051,0.074,0.059,0.061,1.418,0.062,0.387,0.101,0.204,0.081,0.081,0.101,0.059,0.092,0.299,0.075,0.432,0.072
0.092,0.165,0.069,0.085,0.052,0.064,0.067,0.164,0.057,0.315,0.09,0.144,0.079,0.037,0.142,0.021,0.089,0.107,0.103,0.266,0.088
0.067,0.166,0.08,0.063,0.064,0.065,0.068,0.596,0.065,0.325,0.089,0.142,0.09,0.039,0.12,0.015,0.102,0.101,0.091,0.222,0.073
0.096,0.152,0.076,0.119,0.061,0.173,0.108,0.197,0.105,0.397,0.096,0.149,0.084,0.049,0.12,0.001,0.096,0.069,0.096,0.213,0.075
0.106,0.106,0.08,0.109,0.051,0.096,0.073,0.198,0.086,0.389,0.108,0.089,0.091,0.057,0.141,0.01,0.086,0.134,0.088,0.294,0.065
0.094,0.122,0.069,0.081,0.063,0.071,0.07,0.216,0.062,0.634,0.109,0.188,0.082,0.061,0.111,0.056,0.076,0.11,0.092,0.277,0.068
0.095,0.086,0.108,0.05,0.094,0.043,0.073,0.864,0.066,0.391,0.095,0.137,0.091,0.014,0.129,0.016,0.073,0.08,0.102,0.562,0.073
0.065,0.088,0.075,0.053,0.065,0.053,0.067,0.323,0.066,0.384,0.08,0.167,0.087,0.025,0.12,0.034,0.089,0.08,0.108,0.192,0.056
0.069,0.129,0.072,0.051,0.076,0.061,0.069,0.171,0.067,0.278,0.08,0.142,0.111,0.009,0.131,0.082,0.106,0.094,0.091,0.283,0.077
0.089,0.297,0.088,0.123,0.091,0.062,0.076,0.244,0.093,0.401,0.089,0.196,0.12,0.049,0.153,0.059,0.1,0.133,0.076,0.25,0.069
0.105,0.696,0.106,1.093,0.08,0.183,0.097,0.331,0.062,0.313,0.082,0.169,0.095,0.037,0.1,0.046,0.096,0.141,0.136,0.493,0.087
0.112,0.119,0.082,0.292,0.079,0.514,0.072,0.974,0.062,0.306,0.085,0.116,0.073,0.03,0.106,0.028,0.075,0.091,0.105,0.346,0.088
0.163,0.792,0.092,0.163,0.105,0.229,0.109,0.776,0.052,0.327,0.092,0.126,0.105,0.007,0.115,0.06,0.065,0.104,0.068,0.291,0.073
0.096,0.099,0.07,0.056,0.061,0.073,0.077,0.197,0.054,0.421,0.101,0.175,0.089,0.033,0.113,0.074,0.081,0.107,0.082,0.463,0.093
0.086,0.149,0.068,0.108,0.068,0.107,0.086,0.255,0.057,0.4,0.126,0.124,0.116,-0.011,0.133,0.04,0.113,0.062,0.131,0.445,0.098
0.132,0.122,0.088,0.065,0.102,0.044,0.072,0.166,0.061,0.58,0.138,0.152,0.108,0.022,0.131,0.052,0.112,0.111,0.131,0.328,0.075
0.115,0.123,0.076,0.06,0.077,0.045,0.067,0.187,0.055,0.369,0.095,0.288,0.112,0.074,0.115,0.071,0.072,0.091,0.099,0.224,0.095
0.125,0.271,0.08,0.122,0.08,0.07,0.077,0.153,0.062,0.398,0.095,0.258,0.119,0.073,0.128,0.16,0.087,0.185,0.113,0.319,0.088
0.114,0.185,0.074,0.152,0.071,0.181,0.082,0.274,0.061,0.369,0.108,0.136,0.09,0.031,0.117,0.09,0.094,0.088,0.095,0.275,0.083
0.122,0.138,0.077,0.116,0.083,0.106,0.078,0.306,0.061,0.386,0.107,0.175,0.107,0.02,0.124,0.065,0.119,0.08,0.122,0.258,0.081
0.11,0.23,0.08,0.112,0.089,0.059,0.09,0.212,0.07,0.444,0.098,0.287,0.119,0.115,0.12,0.061,0.083,0.091,0.099,0.173,0.075
0.091,0.173,0.046,0.095,0.067,0.068,0.062,1.157,0.054,0.564,0.155,0.11,0.089,0.099,0.124,0.071,0.067,0.101,0.09,0.214,0.096
0.1,0.161,0.072,0.043,0.07,0.046,0.056,0.407,0.062,0.692,0.115,0.092,0.071,0.062,0.091,0.044,0.07,0.09,0.07,0.214,0.061
0.075,0.189,0.056,0.09,0.058,0.095,0.06,0.252,0.054,0.362,0.095,0.155,0.083,0.071,0.106,0.019,0.073,0.103,0.084,0.207,0.062
0.081,0.23,0.08,0.096,0.077,0.105,0.073,0.255,0.074,0.358,0.104,0.241,0.099,0.099,0.128,0.001,0.084,0.074,0.083,0.223,0.072
0.107,0.185,0.052,0.086,0.074,0.086,0.056,0.298,0.045,0.656,0.09,0.175,0.076,0.098,0.107,0.011,0.073,0.11,0.083,0.265,0.059
0.102,0.155,0.075,0.088,0.064,0.086,0.069,0.209,0.06,0.393,0.095,0.197,0.072,0.041,0.133,0.017,0.069,0.092,0.074,0.215,0.065
0.095,0.216,0.074,0.114,0.061,0.062,0.07,0.206,0.062,0.319,0.096,0.137,0.082,0.035,0.12,0.005,0.073,0.089,0.098,0.193,0.054
0.1,0.264,0.072,0.106,0.056,0.073,0.087,0.249,0.065,0.365,0.11,0.204,0.114,0.257,0.128,0.18,0.06,0.268,0.07,0.292,0.065
0.077,0.28,0.069,0.145,0.078,0.168,0.067,0.301,0.062,0.491,0.105,0.195,0.059,0.049,0.126,0.029,0.055,0.099,0.083,0.164,0.081
0.105,0.14,0.062,0.083,0.074,0.041,0.074,0.178,0.05,0.435,0.094,0.185,0.082,0.044,0.119,0.015,0.063,0.089,0.082,0.211,0.065
0.088,0.169,0.065,0.09,0.056,0.066,0.072,0.221,0.059,0.392,0.101,0.161,0.088,0.034,0.121,0.006,0.063,0.073,0.096,0.205,0.069
0.082,0.154,0.079,0.097,0.072,0.063,0.062,0.234,0.061,0.347,0.128,0.168,0.084,0.046,0.149,0.004,0.067,0.096,0.098,0.176,0.073
0.111,0.238,0.069,0.065,0.057,0.079,0.058,0.179,0.061,0.305,0.088,0.109,0.085,0.01,0.112,0.04,0.056,0.107,0.081,0.19,0.048
0.075,0.111,0.062,0.05,0.054,0.084,0.079,0.153,0.064,0.304,0.094,0.108,0.094,0.098,0.145,-0.021,0.073,0.083,0.103,0.161,0.082
0.104,0.105,0.072,0.097,0.088,0.057,0.074,0.159,0.063,0.301,0.11,0.105,0.078,0.037,0.115,0.019,0.06,0.086,0.096,0.193,0.057
0.106,0.112,0.092,0.081,0.063,0.05,0.067,0.152,0.048,0.3,0.085,0.097,0.086,0.046,0.122,-0.002,0.072,0.069,0.096,0.186,0.066
0.102,0.129,0.071,0.098,0.083,0.052,0.083,0.172,0.056,0.394,0.103,0.211,0.055,0.038,0.116,0.028,0.059,0.077,0.091,0.194,0.057
0.088,0.177,0.081,0.1,0.076,0.041,0.069,0.16,0.06,0.292,0.106,0.106,0.077,0.038,0.118,0.017,0.075,0.084,0.105,0.696,0.058
0.127,0.045,0.081,0.071,0.087,0.182,0.094,0.204,0.057,0.335,0.093,0.126,0.073,0.019,0.101,0.035,0.07,0.077,0.107,0.197,0.066
0.078,0.154,0.079,0.122,0.072,0.056,0.072,0.169,0.053,0.344,0.087,0.103,0.081,0.053,0.11,-0.002,0.07,0.09,0.089,0.224,0.078
0.091,0.061,0.066,0.062,0.067,0.13,0.082,0.188,0.057,0.402,0.096,0.143,0.052,0.046,0.118,0.016,0.065,0.087,0.083,0.272,0.005
0.099,0.244,0.056,0.174,0.043,0.501,0.07,0.272,0.057,0.299,0.091,0.13,0.081,0.025,0.127,0.008,0.071,0.072,0.085,0.244,0.067
0.092,0.076,0.071,0.06,0.064,0.073,0.072,0.183,0.059,0.332,0.071,0.123,0.084,0.099,0.041,0.066,0.075,0.108,0.084,0.54,0.071
0.1,0.339,0.073,0.105,0.063,0.074,0.077,0.138,0.065,0.306,0.107,0.113,0.088,0.034,0.133,-0.019,0.079,0.066,0.108,0.44,0.066
0.111,0.516,0.088,0.11,0.069,0.096,0.078,0.193,0.07,0.297,0.109,0.111,0.092,0.013,0.132,0.014,0.088,0.057,0.094,0.191,0.07
0.085,0.128,0.071,0.082,0.074,0.043,0.062,1.227,0.049,0.951,0.096,0.212,0.085,0.043,0.124,0.025,0.078,0.076,0.108,0.203,0.067
0.113,0.173,0.074,0.162,0.077,0.118,0.07,0.182,0.057,0.312,0.101,0.115,0.084,0.023,0.119,0.009,0.094,0.057,0.112,0.304,0.093
0.112,0.098,0.082,0.064,0.066,0.075,0.07,0.231,0.055,0.299,0.109,0.109,0.076,0.035,0.109,0.025,0.084,0.071,0.103,0.248,0.08
0.096,0.164,0.082,0.151,0.072,0.365,0.09,0.202,0.066,0.291,0.108,0.146,0.06,0.046,0.13,0.025,0.092,0.093,0.114,0.309,0.071
0.134,0.126,0.076,0.035,0.081,0.045,0.073,0.179,0.053,0.284,0.117,0.137,0.083,0.057,0.151,0.005,0.09,0.131,0.106,0.182,0.073
0.115,0.113,0.081,2.278,0.043,0.12,0.077,0.245,0.066,0.347,0.083,0.155,0.092,0.005,0.12,0.03,0.082,0.063,0.114,0.192,0.068
0.11,0.045,0.084,0.072,0.088,0.068,0.092,0.154,0.061,0.54,0.112,0.163,0.073,0.038,0.139,0.003,0.096,0.081,0.118,0.19,0.072
0.12,0.246,0.102,0.42,0.082,0.458,0.112,0.379,0.079,0.309,0.102,0.159,0.075,0.035,0.126,0.014,0.068,0.049,0.116,0.18,0.075
0.111,0.058,0.084,0.136,0.098,0.124,0.113,0.163,0.08,1.006,0.104,0.461,0.09,0.126,0.12,0.019,0.057,0.075,0.106,0.197,0.07
0.078,0.103,0.089,0.061,0.066,0.024,0.063,0.154,0.063,0.267,0.102,0.069,0.107,0.018,0.133,0.013,0.09,0.06,0.107,0.305,0.093
0.118,0.153,0.092,0.055,0.063,0.053,0.072,0.201,0.07,0.347,0.14,0.09,0.067,0.036,0.12,0.005,0.07,0.063,0.111,0.257,0.079
0.129,0.212,0.083,0.087,0.083,0.083,0.104,0.232,0.074,0.298,0.135,0.079,0.096,0.031,0.132,0.01,0.074,0.042,0.112,0.187,0.068
0.106,0.103,0.021,0.848,0.095,0.214,0.061,0.298,0.09,1.059,0.085,0.2,0.066,0.017,0.106,0.066,0.078,0.068,0.106,0.232,0.068
0.115,0.245,0.083,0.076,0.069,0.067,0.068,0.18,0.061,0.285,0.098,0.109,0.096,0.014,0.115,0.027,0.083,0.038,0.11,0.211,0.066
0.106,0.126,0.082,0.071,0.063,0.07,0.089,0.164,0.064,0.297,0.121,0.069,0.114,0.016,0.144,-0.029,0.096,0.04,0.107,0.191,0.064
0.138,0.137,0.082,0.052,0.081,0.08,0.094,0.171,0.062,0.386,0.111,0.106,0.073,0.032,0.118,-0.003,0.093,0.044,0.104,0.209,0.061
0.104,0.044,0.064,0.073,0.063,0.081,0.099,0.199,0.074,0.764,0.085,0.264,0.071,0.104,0.143,-0.007,0.071,0.087,0.107,0.194,0.064
0.096,0.062,0.074,0.081,0.037,0.066,0.061,0.204,0.063,0.419,0.118,0.119,0.071,0.025,0.134,-0.004,0.082,0.058,0.125,0.321,0.112
0.123,0.063,0.077,0.045,0.088,0.02,0.057,0.157,0.067,0.254,0.095,0.087,0.092,0.02,0.122,-0.002,0.092,0.052,0.107,0.207,0.087
0.145,0.013,0.083,0.054,0.084,0.025,0.096,0.166,0.06,0.357,0.109,0.133,0.085,0.035,0.111,-0.007,0.087,0.041,0.107,0.19,0.073
0.12,0.048,0.082,0.053,0.092,0.037,0.085,0.197,0.073,0.275,0.112,0.076,0.111,0.016,0.135,-0.013,0.106,0.018,0.11,0.259,0.116
0.14,0.052,0.09,0.051,0.066,0.066,0.091,0.154,0.074,0.287,0.144,0.072,0.088,0.046,0.177,-0.011,0.133,0.12,0.149,0.342,0.1
0.172,0.082,0.101,0.046,0.08,0.054,0.068,0.166,0.071,0.3,0.098,1.031,0.121,0.251,0.13,0.022,0.081,0.26,0.086,0.228,0.073
0.121,0.176,0.072,0.097,0.073,0.044,0.063,0.204,0.093,0.669,0.09,0.221,0.07,0.058,0.132,-0.002,0.068,0.072,0.088,0.201,0.067
0.097,0.175,0.073,0.061,0.066,0.095,0.067,0.175,0.064,0.297,0.098,0.1,0.097,0.041,0.121,-0.004,0.078,0.061,0.101,0.207,0.102
0.11,0.18,0.044,0.157,0.08,0.2,0.065,0.685,0.069,0.487,0.115,0.132,0.073,0.06,0.081,0.023,0.065,0.093,0.077,0.219,0.056
0.072,0.16,0.066,0.09,0.066,0.186,0.08,0.31,0.066,0.321,0.131,0.109,0.073,0.07,0.114,-0.004,0.081,0.074,0.071,0.214,0.056
0.08,0.193,0.057,0.107,0.048,0.079,0.063,0.316,0.074,0.337,0.104,0.15,0.085,0.043,0.111,0.017,0.074,0.105,0.085,0.32,0.018
0.087,0.298,0.084,0.059,0.062,0.085,0.057,0.251,0.068,0.341,0.119,0.178,0.066,0.066,0.128,0.009,0.077,0.101,0.101,0.248,0.067
0.114,0.242,0.08,0.078,0.095,0.061,0.069,0.224,0.092,0.296,0.124,0.168,0.09,0.066,0.144,0.028,0.125,0.122,0.086,0.228,0.062
0.129,0.182,0.076,0.099,0.083,0.141,0.086,0.334,0.091,0.277,0.107,0.156,0.101,0.108,0.162,0.03,0.081,0.134,0.1,0.225,0.061
0.112,0.223,0.092,0.085,0.057,0.095,0.076,0.199,0.079,0.317,0.119,0.374,0.115,0.149,0.152,0.034,0.081,0.113,0.09,0.247,0.062
0.105,0.165,0.081,0.06,0.084,0.054,0.073,0.189,0.07,0.314,0.123,0.097,0.077,0.036,0.137,-0.011,0.07,0.077,0.106,0.165,0.08
0.114,0.166,0.09,0.054,0.063,0.078,0.083,0.17,0.072,0.319,0.123,0.147,0.094,0.023,0.155,-0.012,0.086,0.085,0.1,0.231,0.067
0.141,0.198,0.074,0.123,0.109,0.075,0.09,0.223,0.056,0.282,0.1,0.165,0.08,0.008,0.149,0.058,0.064,0.1,0.099,0.783,0.14
0.122,0.268,0.088,0.043,0.09,0.055,0.071,0.145,0.068,0.321,0.118,0.114,0.085,0.027,0.144,-0.007,0.118,0.055,0.11,0.202,0.071
0.115,0.137,0.09,0.045,0.081,0.041,0.076,0.152,0.078,0.29,0.121,0.107,0.091,0.051,0.16,-0.019,0.086,0.062,0.133,0.275,0.097
0.129,0.123,0.076,0.037,0.067,0.042,0.076,0.16,0.082,0.228,0.117,0.173,0.093,0.029,0.162,-0.04,0.07,0.059,0.136,0.209,0.076
0.129,0.021,0.092,0.056,0.092,0.016,0.069,0.891,0.074,0.338,0.107,0.205,0.11,0.066,0.155,-0.008,0.088,0.09,0.172,0.332,0.084
0.136,0.053,0.099,0.046,0.094,0.029,0.074,0.164,0.072,0.269,0.105,0.091,0.086,0.047,0.137,0.023,0.102,0.067,0.117,0.186,0.085
0.126,0.075,0.093,0.03,0.069,0.031,0.07,0.135,0.083,0.456,0.11,0.124,0.091,0.032,0.14,-0.005,0.11,0.049,0.125,0.178,0.091
0.119,-0.009,0.099,0.084,0.092,0.032,0.074,0.26,0.086,0.604,0.144,0.185,0.088,0.071,0.147,-0.012,0.091,0.069,0.111,0.198,0.077
0.111,0.021,0.086,0.06,0.074,0.028,0.069,0.131,0.072,0.222,0.107,0.066,0.098,0.028,0.125,0.002,0.098,0.042,0.105,0.82,0.117
0.118,0.049,0.077,0.063,0.09,0.037,0.063,0.237,0.076,0.368,0.094,0.131,0.088,0.047,0.139,-0.014,0.076,0.049,0.111,0.18,0.083
0.125,0.085,0.079,0.071,0.082,0.1,0.095,0.228,0.085,0.471,0.111,0.161,0.077,0.071,0.142,0.005,0.131,0.07,0.133,0.269,0.08
0.138,0.069,0.091,0.055,0.063,0.054,0.085,0.17,0.073,0.347,0.11,0.121,0.076,0.058,0.136,-0.002,0.091,0.057,0.107,0.194,0.078
0.131,0.125,0.092,0.073,0.05,0.068,0.088,0.165,0.089,0.288,0.117,0.1,0.082,0.07,0.132,-0.028,0.086,0.053,0.125,0.202,0.065
0.125,0.058,0.087,0.051,0.07,0.034,0.081,0.173,0.081,0.438,0.097,0.126,0.075,0.047,0.118,0.015,0.099,0.052,0.132,0.215,0.074
0.122,0.045,0.079,0.072,0.081,0.051,0.082,0.304,0.109,0.758,0.135,0.108,0.071,0.042,0.124,0.011,0.101,0.055,0.116,0.253,0.076
0.108,0.034,0.095,0.067,0.071,0.052,0.058,0.211,0.08,0.381,0.114,0.467,0.106,0.123,0.124,0.014,0.085,0.079,0.1,0.602,0.083
0.088,0.097,0.08,0.054,0.05,0.071,0.067,0.192,0.057,0.274,0.083,0.098,0.076,0.046,0.124,0.03,0.11,0.024,0.125,0.204,0.067
0.118,0.007,0.084,0.056,0.078,0.049,0.088,0.244,0.093,0.904,0.105,0.561,0.04,0.088,0.137,-0.007,0.075,0.074,0.102,0.189,0.062
0.107,0.028,0.083,0.064,0.057,0.058,0.063,0.259,0.087,0.621,0.097,0.218,0.061,0.04,0.125,0.039,0.116,0.042,0.106,1.092,0.128
0.128,0.125,0.081,0.012,0.083,0.029,0.072,1.363,0.066,0.257,0.075,0.16,0.089,0.047,0.134,0.039,0.146,0.046,0.12,0.198,0.066
0.123,0.037,0.088,0.019,0.092,0.014,0.078,0.148,0.069,0.284,0.102,0.067,0.101,-0.005,0.124,-0.001,0.109,0.025,0.104,0.182,0.079
0.115,1.088,0.075,0.188,0.096,0.082,0.071,0.184,0.066,0.241,0.083,0.085,0.097,0.027,0.112,0.011,0.104,0.017,0.105,0.167,0.069
0.117,-0.004,0.081,0.048,0.073,0.043,0.08,0.254,0.1,0.592,0.097,0.185,0.071,0.057,0.1,0.076,0.01,0.087,0.137,0.195,0.066
0.117,0.02,0.12,0.117,0.082,0.042,0.073,0.353,0.092,0.263,0.111,0.098,0.086,0.03,0.124,0.049,0.183,0.175,0.042,0.463,0.068
0.121,0.045,0.08,0.059,0.034,0.067,0.058,0.158,0.066,0.272,0.103,0.079,0.088,0.042,0.118,0.034,0.126,0.06,0.115,0.228,0.065
0.126,0.031,0.084,0.053,0.067,0.063,0.085,0.195,0.095,0.314,0.114,0.086,0.092,0.02,0.117,0.013,0.105,0.011,0.138,0.201,0.081
0.13,0.164,0.081,0.046,0.085,0.013,0.071,0.687,0.085,0.259,0.099,0.113,0.112,0.039,0.173,0.054,0.094,0.079,0.102,0.198,0.066
0.1,0.03,0.089,0.052,0.096,0.052,0.078,0.186,0.105,0.812,0.125,0.14,0.085,0.056,0.125,-0.017,0.091,0.039,0.109,0.197,0.07
0.111,0.228,0.065,0.101,0.069,0.07,0.072,0.522,0.083,0.383,0.097,0.158,0.087,0.028,0.143,-0.006,0.098,0.026,0.12,0.215,0.082
0.122,0.06,0.104,0.61,0.093,0.397,0.097,0.91,0.056,0.347,0.109,0.22,0.096,0.042,0.134,0.035,0.126,0.033,0.142,0.202,0.08
0.128,0.484,0.083,0.06,0.073,1.283,0.115,0.16,0.081,0.446,0.118,0.131,0.09,0.034,0.13,0.103,0.137,0.349,0.107,0.211,0.075
0.133,0.007,0.086,0.074,0.085,0.043,0.092,0.807,0.086,0.451,0.07,0.148,0.089,0.019,0.129,0.007,0.096,0.022,0.126,0.156,0.076
0.136,0.11,0.089,0.048,0.1,0.034,0.086,0.148,0.072,0.237,0.088,0.075,0.111,-0.016,0.124,0.032,0.101,0.023,0.115,0.151,0.082
0.128,-0.015,0.09,0.048,0.08,0.023,0.08,0.197,0.087,0.402,0.102,0.154,0.074,0.053,0.133,-0.019,0.099,0.039,0.142,0.188,0.074
0.129,0.155,0.08,0.042,0.082,0.053,0.076,0.139,0.065,0.292,0.126,0.074,0.108,0.021,0.149,-0.02,0.112,0.011,0.135,0.148,0.082
0.105,0.007,0.088,0.098,0.101,0.059,0.081,0.209,0.077,0.279,0.097,0.089,0.093,0.018,0.117,0.005,0.096,0.031,0.118,0.176,0.068
0.117,0.001,0.083,0.057,0.088,0.039,0.083,0.312,0.081,0.298,0.097,0.091,0.095,0.003,0.122,0.007,0.093,0.035,0.12,0.195,0.075
0.106,0.173,0.094,0.073,0.055,0.065,0.083,0.514,0.097,0.255,0.115,0.087,0.102,0.021,0.132,-0.009,0.126,0.003,0.144,0.187,0.075
0.125,-0.006,0.084,0.061,0.076,0.03,0.079,0.211,0.097,0.664,0.099,0.113,0.083,0.041,0.116,0.009,0.196,0.008,0.186,0.421,0.089
0.094,0.387,0.109,0.152,0.085,0.088,0.078,0.452,0.057,0.538,0.11,0.187,0.089,-0.02,0.123,0.052,0.162,0.081,0.149,0.298,0.053
0.135,0.011,0.076,0.083,0.069,0.003,0.068,0.226,0.081,0.305,0.116,0.112,0.098,0.01,0.12,-0.006,0.116,0.013,0.149,0.218,0.084
0.137,0.059,0.102,0.032,0.087,0.039,0.088,0.514,0.064,0.313,0.125,0.094,0.074,0.052,0.114,-0.01,0.08,0.073,0.102,0.251,0.081
0.112,0.112,0.067,0.057,0.092,0.023,0.067,0.18,0.074,0.33,0.111,0.118,0.093,0.051,0.122,-0.008,0.091,0.073,0.102,0.231,0.077
0.1,0.098,0.067,0.083,0.063,0.034,0.076,1.199,0.053,0.371,0.122,0.104,0.084,0.034,0.139,-0.016,0.086,0.065,0.097,0.206,0.066
0.102,0.161,0.078,0.065,0.074,0.049,0.063,0.218,0.065,0.35,0.134,0.094,0.106,0.022,0.139,0.005,0.105,0.061,0.101,0.245,0.085
0.128,0.173,0.07,0.104,0.092,0.055,0.076,0.453,0.077,0.269,0.126,0.067,0.126,0.023,0.148,-0.021,0.103,0.049,0.113,0.189,0.071
0.127,0.14,0.091,0.043,0.087,0.047,0.074,0.23,0.075,0.286,0.128,0.068,0.108,0.044,0.122,0.057,0.148,0.106,0.117,0.224,0.057
0.101,0.118,0.105,0.162,0.102,0.083,0.06,0.265,0.076,0.303,0.115,0.098,0.104,0.02,0.145,-0.016,0.072,0.058,0.118,0.183,0.067
0.133,0.28,0.117,0.119,0.09,0.06,0.072,0.272,0.076,0.633,0.082,0.172,0.087,0.007,0.137,0.031,0.091,0.086,0.09,0.246,0.071
0.113,0.051,0.082,0.063,0.09,-0.003,0.087,0.189,0.081,0.349,0.113,0.063,0.085,0.022,0.11,0.028,0.112,0.044,0.112,0.29,0.1
0.124,0.133,0.07,0.06,0.09,0.034,0.087,0.142,0.062,0.253,0.1,0.08,0.091,0.038,0.166,-0.032,0.097,0.057,0.114,0.243,0.09
0.114,0.057,0.077,0.041,0.079,0.073,0.08,0.176,0.084,0.755,0.132,0.091,0.08,0.044,0.123,0.006,0.086,0.073,0.096,0.257,0.084
0.122,0.046,0.085,0.083,0.079,0.08,0.09,0.24,0.083,0.333,0.134,0.16,0.109,-0.013,0.153,-0.02,0.11,0.035,0.134,0.219,0.074
0.13,0.1,0.083,0.063,0.067,0.043,0.066,0.205,0.065,0.369,0.107,0.177,0.076,0.019,0.144,0.013,0.105,0.155,0.126,0.298,0.077
0.116,0.037,0.07,0.091,0.058,0.061,0.065,0.175,0.071,0.298,0.093,0.095,0.087,0.02,0.114,0.007,0.084,0.051,0.105,0.176,0.076
0.1,0.004,0.078,0.077,0.065,0.026,0.061,0.288,0.069,0.392,0.089,0.21,0.097,0.033,0.154,-0.005,0.106,0.033,0.12,0.198,0.066
0.122,0.053,0.111,0.08,0.062,0.043,0.065,0.188,0.091,0.247,0.097,0.091,0.109,0.001,0.132,0.006,0.093,0.017,0.121,0.155,0.073
0.119,0.011,0.067,0.076,0.048,0.057,0.071,0.158,0.07,0.274,0.097,0.044,0.103,0.02,0.127,-0.006,0.075,0.041,0.111,0.153,0.077
0.149,0.02,0.09,0.062,0.066,0.061,0.085,0.128,0.071,0.235,0.113,0.049,0.113,0.037,0.142,-0.027,0.1,0.004,0.143,0.193,0.084
0.128,-0.003,0.084,0.057,0.074,0.062,0.084,0.184,0.073,1.889,0.105,0.235,0.097,0.059,0.14,0.038,0.12,0.06,0.094,0.194,0.061
0.108,0.022,0.082,0.047,0.077,0.038,0.065,0.155,0.083,0.286,0.144,0.064,0.113,0.018,0.149,0.011,0.139,0.038,0.123,0.213,0.069
0.109,0.007,0.093,0.046,0.062,0.04,0.071,0.167,0.077,0.271,0.125,0.025,0.096,0.044,0.137,-0.018,0.106,0.021,0.119,0.182,0.076
0.12,-0.009,0.095,0.075,0.083,0.035,0.091,0.647,0.073,0.363,0.093,0.214,0.106,0.019,0.174,0.011,0.121,0.452,0.066,0.298,0.066
0.116,0.001,0.089,0.095,0.073,0.051,0.074,0.206,0.09,0.421,0.098,0.146,0.09,-0.002,0.132,0.009,0.092,0.037,0.115,0.171,0.066
0.14,-0.028,0.128,0.045,0.087,0.039,0.078,0.145,0.072,0.207,0.104,0.068,0.094,0.009,0.134,0.013,0.127,0.01,0.12,0.613,0.062
0.131,0.086,0.073,0.054,0.085,0.025,0.069,0.191,0.09,0.282,0.117,0.083,0.122,-0.036,0.147,-0.018,0.114,0.005,0.117,0.21,0.09
0.118,-0.04,0.087,0.061,0.075,-0.006,0.071,0.121,0.073,0.22,0.084,0.1,0.1,-0.046,0.105,0.065,0.083,0.04,0.095,0.168,0.079
0.114,0.017,0.076,0.076,0.084,0.043,0.07,0.192,0.054,0.248,0.063,0.091,0.1,-0.011,0.095,0.052,0.12,0.011,0.105,0.155,0.074
0.13,-0.023,0.097,0.06,0.087,0.015,0.077,0.162,0.065,0.773,0.077,0.132,0.076,0.026,0.082,0.051,0.1,0.035,0.082,0.189,0.065
0.11,-0.012,0.081,0.095,0.083,0.033,0.087,0.221,0.076,0.597,0.09,0.162,0.093,0.029,0.13,-0.016,0.11,0.047,0.126,0.188,0.076
0.132,-0.01,0.086,0.08,0.067,0.043,0.077,0.228,0.086,0.353,0.114,0.142,0.09,0.041,0.134,-0.02,0.104,0.03,0.123,0.458,0.095
0.138,0.147,0.083,0.102,0.083,0.026,0.065,0.202,0.07,0.759,0.082,0.237,0.08,0.034,0.129,0.003,0.085,0.034,0.097,0.209,0.068
0.116,-0.005,0.089,0.064,0.067,0.058,0.082,0.219,0.08,0.466,0.087,0.187,0.109,0.015,0.125,0.002,0.116,0.015,0.135,0.207,0.072
0.14,0.065,0.071,0.093,0.058,0.083,0.063,0.184,0.061,0.303,0.083,0.107,0.1,0.008,0.106,0.016,0.082,0.032,0.099,0.248,0.074
0.13,0.011,0.086,0.074,0.082,0.101,0.096,0.206,0.058,0.312,0.087,0.488,0.098,0.192,0.128,0.019,0.078,0.082,0.105,0.205,0.071
0.153,0.256,0.07,0.123,0.077,0.081,0.076,0.169,0.082,0.307,0.107,0.151,0.101,0.004,0.133,0.004,0.086,0.036,0.126,0.202,0.077
0.135,0.059,0.074,0.032,0.09,0.038,0.066,0.142,0.056,0.236,0.073,0.097,0.101,-0.013,0.098,0.09,0.116,0.015,0.122,0.276,0.072
0.115,0.012,0.081,0.047,0.076,0.015,0.06,0.166,0.06,0.876,0.076,0.14,0.08,0.024,0.1,0.015,0.1,0.03,0.107,0.195,0.081
0.124,-0.009,0.089,0.073,0.073,0.035,0.083,0.196,0.075,0.42,0.088,0.168,0.101,0.031,0.116,0.014,0.086,0.036,0.115,0.189,0.066
0.139,-0.032,0.087,0.092,0.106,0.081,0.098,0.21,0.072,0.595,0.092,0.144,0.098,0.025,0.126,0.003,0.084,0.033,0.116,0.211,0.072
0.127,0.019,0.071,0.065,0.065,0.069,0.097,0.431,0.053,0.358,0.089,0.143,0.101,-0.013,0.133,0.005,0.099,0.029,0.123,0.321,0.101
0.124,0.015,0.074,0.065,0.061,0.03,0.074,0.217,0.077,0.374,0.121,0.157,0.093,0.034,0.118,0.04,0.13,0.414,0.099,0.205,0.065
0.099,0.091,0.081,0.586,0.097,0.202,0.068,0.287,0.08,0.326,0.091,0.156,0.105,0.01,0.145,-0.011,0.099,0.04,0.108,0.235,0.077
0.142,0.005,0.087,0.059,0.073,0.035,0.062,0.225,0.054,0.289,0.105,0.096,0.124,0.009,0.138,-0.023,0.116,-0.012,0.134,0.266,0.074
0.137,-0.009,0.089,0.052,0.089,0.038,0.097,0.162,0.083,0.283,0.109,0.621,0.111,0.082,0.143,0.017,0.084,0.045,0.112,0.229,0.084
0.144,-0.038,0.116,0.071,0.057,0.042,0.07,0.187,0.07,0.29,0.111,0.084,0.097,0.013,0.146,-0.029,0.098,0.018,0.11,0.242,0.117
0.14,0.046,0.092,0.012,0.087,0.041,0.083,0.163,0.062,0.279,0.076,0.118,0.104,0.006,0.104,0.018,0.106,0.006,0.108,0.202,0.098
0.118,0.007,0.1,0.05,0.089,0.043,0.079,0.158,0.06,0.299,0.082,0.119,0.12,-0.011,0.107,0.024,0.124,0.008,0.117,0.191,0.119
0.136,1.555,0.09,0.16,0.071,0.115,0.071,0.428,0.083,0.798,0.121,0.382,0.112,0.21,0.122,0.024,0.078,0.072,0.121,0.154,0.088
0.14,-0.042,0.085,0.037,0.095,0.02,0.081,0.157,0.062,0.357,0.102,0.129,0.116,-0.011,0.125,-0.028,0.104,0.015,0.123,0.218,0.104
0.142,-0.02,0.099,0.054,0.074,0.031,0.088,0.165,0.085,0.29,0.113,0.076,0.108,-0.011,0.106,-0.005,0.083,0.034,0.118,0.13,0.081
